item_group_id (produto pai),produto,variacoes_afetadas,marca_atual,marca_correta,ids_das_variacoes
51219,Fio Cordonê Mais Círculo 100g 140m 714 Tex 100% Poliamida para Crochê e Artesanato,30,Roma Aviamentos,Circulo,115303 115308 115305 115296 115315 115314 115288 115306 115289 115295 115285 115292 115293 115291 115298 115287 115310 115290 115300 115311 115299 115312 115301 115302 115309 115307 115286 115297 115294 115313
51226,"Kit Amigurumi Ursinhos Soft Círculo Florzinha, Mel e Soneca 493317",1,Roma Aviamentos,Circulo,115345
51341,Fio Charme Círculo 150g 396m Linha 100% Algodão Mercerizado para Crochê,33,Roma Aviamentos,Circulo,116297 116290 116294 116291 116284 116292 116293 116272 116279 116277 116298 116286 116304 116308 116302 116274 116307 116273 116310 116299 116305 116282 116306 116271 116295 116311 116301 116287 116313 116288 116303 116283 116285
51345,Fio Lolita Círculo TEX 400 250m 100g para Crochê e Tricô,11,Roma Aviamentos,Circulo,116488 116486 116484 116487 116479 116480 116490 116489 116482 116483 116485
51225,Agulha de Crochê Soft Coleção Peanuts Círculo 493465,1,Roma Aviamentos,Circulo,115337
51350,Fio Náutico Poly Círculo 5mm 500g 177m 100% Poliéster,1,Roma Aviamentos,Circulo,116691
51349,Fio Náutico Círculo 5mm 208m 500g 100% Polipropileno,1,Roma Aviamentos,Circulo,116664
51351,Fio Náutico Poly Slim Círculo 3mm 400g 350m 100% Poliéster,1,Roma Aviamentos,Circulo,116717
51346,Fio Mais Bebê Círculo TEX 200 500m 100g 100% Acrílico para Crochê e Tricô,33,Roma Aviamentos,Circulo,116497 116522 116493 116503 116491 116500 116519 116492 116506 116520 116498 116521 116524 116505 116514 116495 116501 116518 116508 116504 116515 116494 116507 116499 116511 116502 116517 116496 116523 116516 116512 116509 116510
51232,Fio Puffy Círculo 200g 7142 TEX 28m 100% Poliéster,13,Roma Aviamentos,Circulo,115405 115399 115404 115410 115408 115403 115406 115409 115401 115407 115402 115400 115398
51253,Kit Meu Primeiro Amigurumi Coleção Bicho Bola 2 Círculo 448656,1,Roma Aviamentos,Circulo,115436
51217,Fio Inlove Círculo 100g 155m 641TEX 100% Algodão para Crochê e Tricô,1,Roma Aviamentos,Circulo,115255
51338,Fio Anne Círculo 19g 65m Linha Crochê Algodão Mercerizado,53,Roma Aviamentos,Circulo,116143 116157 116190 116139 116169 116160 116173 116174 116131 116165 116182 116135 116144 116141 116192 116152 116162 116164 116178 116188 116175 116133 116132 116154 116166 116168 116158 116176 116147 116161 116186 116149 116142 116191 116153 116187 116189 116194 116140 116137 116171 116163 116170 116177 116167 116136 116179 116151 116150 116184 116146 116180 116181
51336,Fio Anne Círculo 147g 500m Linha Crochê Algodão Mercerizado,38,Roma Aviamentos,Circulo,116101 116105 116074 116106 116084 116095 116090 116108 116111 116099 116071 116080 116085 116088 116102 116107 116086 116104 116082 116070 116077 116097 116075 116089 116093 116072 116079 116073 116109 116094 116096 116081 116078 116087 116083 116103 116098 116100
51337,Fio Anne Multicolor Círculo 19g 65m Linha Crochê Algodão Mercerizado,19,Roma Aviamentos,Circulo,116123 116115 116129 116130 116118 116125 116117 116124 116116 116119 116112 116121 116128 116126 116114 116122 116113 116120 116127
51423,Barbante Eco Brilho Circulo 4/6 400g 393m,15,Roma Aviamentos,Circulo,117143 117135 117138 117131 117142 117140 117130 117141 117144 117139 117132 117137 117133 117134 117136
51333,Fio Anne Brilho Círculo 150g 500m Linha Crochê com Lurex,9,Roma Aviamentos,Circulo,116049 116041 116039 116040 116043 116038 116045 116048 116044
51335,Fio Anne Multicolor Círculo 147g 500m Linha Crochê Algodão Mercerizado,1,Roma Aviamentos,Circulo,116058
51424,Barbante Barroco Multicolor Premium Circulo 885Tex 226m 200g,31,Roma Aviamentos,Circulo,117174 117146 117159 117158 117176 117162 117164 117155 117157 117177 117175 117165 117147 117169 117152 117170 117148 117149 117156 117163 117172 117153 117168 117166 117167 117154 117150 117161 117145 117160 117151
51426,Barbante Barroco Maxcolor 4/6 Circulo 885Tex 226m 200g,1,Roma Aviamentos,Circulo,117219
51352,Fio Queen Círculo Tex 236 100g 424m Linha 100% Algodão para Crochê,1,Roma Aviamentos,Circulo,116750
47697,"Agulha de Crochê Tunisiano Bambu - Círculo - 29,8cm - 1 unidade - 363332",12,Roma Aviamentos,Circulo,101907 101919 101916 101914 101912 101915 101911 101918 101909 101910 101908 101913
51344,Fio Cléa Duplo Círculo 508m 150g Linha Crochê Algodão Mercerizado,64,Roma Aviamentos,Circulo,116409 116415 116468 116402 116424 116459 116412 116437 116403 116421 116446 116471 116428 116425 116426 116416 116433 116444 116457 116450 116467 116443 116431 116436 116407 116447 116455 116435 116418 116465 116430 116405 116462 116423 116469 116452 116439 116411 116458 116453 116427 116422 116441 116438 116461 116414 116404 116410 116417 116460 116456 116442 116448 116432 116463 116445 116464 116451 116466 116406 116413 116420 116419 116449
51340,Fio Cléa Círculo 1000m 151g Linha Crochê Algodão Mercerizado,59,Roma Aviamentos,Circulo,116225 116250 116267 116246 116219 116221 116228 116213 116220 116227 116242 116223 116260 116216 116233 116212 116237 116241 116231 116252 116255 116262 116264 116229 116256 116263 116270 116226 116257 116215 116268 116240 116243 116238 116245 116222 116261 116235 116248 116236 116247 116217 116232 116251 116266 116254 116230 116253 116218 116265 116214 116269 116258 116234 116224 116259 116239 116244 116249
51342,Fio Cléa Círculo 125m 19g Linha Crochê Algodão Mercerizado,54,Roma Aviamentos,Circulo,116331 116338 116343 116357 116320 116327 116341 116335 116344 116323 116359 116319 116321 116328 116345 116318 116352 116339 116348 116369 116373 116325 116358 116366 116368 116347 116361 116333 116329 116353 116316 116350 116371 116330 116326 116340 116354 116372 116334 116322 116336 116324 116342 116360 116346 116355 116362 116356 116363 116370 116315 116317 116351 116349
51343,Fio Cléa Multicolor Círculo 125m 19g Linha Crochê Algodão Mercerizado,15,Roma Aviamentos,Circulo,116377 116384 116380 116378 116379 116376 116387 116375 116382 116374 116381 116388 116386 116383 116385
51339,Fio Cléa Multicolor Círculo 1000m 151g Linha Crochê Algodão Mercerizado,1,Roma Aviamentos,Circulo,116195
51356,Linha Maxi Mouline Círculo 8m caixa com 12 Unidades para bordados e crochê,1,Roma Aviamentos,Circulo,116821
51218,Fitone Círculo 4mm 90m Tex 1114 100% Poliéster para Crochê e Artesanato,1,Roma Aviamentos,Circulo,115271
51357,"Linha para Costura Maxxi Retrós Círculo 91,4m Caixa com 10 retroses",58,Roma Aviamentos,Circulo,116899 116906 116913 116943 116942 116887 116932 116916 116901 116918 116897 116922 116952 116939 116948 116891 116898 116921 116935 116905 116914 116893 116944 116955 116940 116947 116949 116956 116900 116919 116889 116896 116923 116904 116915 116954 116894 116912 116908 116911 116953 116895 116945 116888 116931 116938 116933 116890 116902 116917 116903 116950 116907 116941 116946 116934 116936 116910
