marca_correta,item_group_id (produto pai),produto,variacoes_afetadas,marca_atual,ids_das_variacoes
Princess Ribbon,50230,Fita Organza Princess 25mm x 9m RO.153742,18,Roma Aviamentos,111274 111275 111260 111265 111272 111261 111266 111270 111264 111271 111269 111267 111273 111263 111277 111262 111276 111268
Princess Ribbon,49817,Fita Organza Fosca Princess - 22mm x 9m - RO.153560,17,Roma Aviamentos,109271 109266 109270 109267 109269 109264 109262 109274 109261 109268 109275 109258 109260 109272 109263 109265 109273
Princess Ribbon,49818,Fita Organza Fosca Princess - 10mm x 9m - RO.153560,16,Roma Aviamentos,109284 109286 109293 109287 109277 109276 109288 109291 109292 109285 109289 109283 109282 109279 109280 109290
Princess Ribbon,50229,Fita Organza Princess 38mm x 9m RO.153742,14,Roma Aviamentos,111251 111248 111243 111250 111256 111245 111249 111259 111255 111247 111253 111254 111252 111258
Princess Ribbon,49815,Fita Organza Fosca Princess - 38mm x 9m - RO.153560,13,Roma Aviamentos,109226 109222 109232 109223 109225 109228 109227 109231 109235 109224 109229 109234 109238
Princess Ribbon,50644,Cartela Strass Adesiva Princess RO.152446,9,Roma Aviamentos,112655 112664 112660 112661 112658 112659 112663 112657 112656
Princess Ribbon,50231,Fita Organza Metalizada Princess 8mm x 9m RO.152261,8,Roma Aviamentos,111282 111284 111283 111278 111279 111281 111280 111286
Princess Ribbon,51252,"Aplique Flor Bordado Princess 2cm x 3,5cm 20 unidades Patch Decorativo ROFR.154942",4,Roma Aviamentos,115434 115430 115433 115431
Princess Ribbon,51223,Tesoura de Costura Profissional Alfaiate Titânio Princess Corte Preciso UT.956,4,Roma Aviamentos,115326 115328 115327 115325
Princess Ribbon,41312,Fita Tule com Borda de Pérola Princess Parceiras - Sophia Laçarotes - 40mm x 10m - RO.150873,3,Roma Aviamentos,82416 82413 85708
Princess Ribbon,49706,Fita Estampada Princess - 9m - Escolar - RO.153644,3,Roma Aviamentos,108384 108382 108383
Princess Ribbon,49704,Fita Estampada Princess - 9m - Escolar - RO.153642,3,Roma Aviamentos,108377 108376 108378
Princess Ribbon,49705,Fita Estampada Princess - 9m - Escolar - RO.153643,3,Roma Aviamentos,108379 108381 108380
Princess Ribbon,49819,Aplique Flor Strass com Pérola Princess - 30mm - Branco - RO.153646,3,Roma Aviamentos,109294 109296 109295
Princess Ribbon,49758,Cartela Strass Adesiva Princess - Flor - 40 unidades - RO.152090,2,Roma Aviamentos,108726 108727
Princess Ribbon,49967,Enfeite Palitos Princess Coelhos e Cenoura 14cm Sortido Decoração Criativa para Festas RO.153788,2,Roma Aviamentos,109693 109691
Princess Ribbon,49727,Cartela Strass Adesiva Estrela Princess - 312 unidades - RO.153328,2,Roma Aviamentos,108431 108432
Princess Ribbon,49968,Enfeite Palitos Princess Coelho Branco 14cm Decoração Criativa para Festas e Artesanato RO.153789,2,Roma Aviamentos,109695 109694
Princess Ribbon,49725,Cartela Strass Adesiva Estrela Princess - RO.153326,1,Roma Aviamentos,108423
Princess Ribbon,49726,Cartela Strass Adesiva Estrela Princess - 198 unidades - RO.153327,1,Roma Aviamentos,108428
Princess Ribbon,50244,Cartela Strass Adesiva Princess RO.153746,1,Roma Aviamentos,111333
Princess Ribbon,50659,Cartela Strass Coração Adesiva Princess RO.152439,1,Roma Aviamentos,112686
Princess Ribbon,50667,"Fita Natalina Aramada Princess Quadrados 6,3cm x 9,14m RO.154432",1,Roma Aviamentos,112721
Princess Ribbon,49729,Cartela Strass Adesiva Princess - 147 unidades - RO.153329,1,Roma Aviamentos,108448
Princess Ribbon,50658,Cartela Strass Concha Adesiva Princess RO.152089,1,Roma Aviamentos,112677
Princess Ribbon,49730,Cartela Strass Adesiva Princess - 190 unidades - RO.153330,1,Roma Aviamentos,108452
Princess Ribbon,avulso_117045,Fita Flor Natal Princess 38mm x 10m RO.150404,1,Roma Aviamentos,117045
Princess Ribbon,avulso_116050,Trena Chaveiro Princess 150cm Lilás Fita Métrica Portátil para Costura,1,Roma Aviamentos,116050
Xikkye,51287,Ponteira Xikkye Acrílica 22mm x 18mm 500 gramas/141 unidades para Artesanato e Acessórios RO.154962,12,Roma Aviamentos,115556 115553 115558 115557 115551 115554 115560 115555 115552 115559 115562 115561
Xikkye,51282,Ponteira Xikkye Acrílica 13mm x 8mm 500 gramas/ 1080 unidades para Artesanato e Acessórios RO.154967,12,Roma Aviamentos,115500 115504 115496 115495 115503 115499 115505 115494 115502 115501 115498 115497
Xikkye,51275,"Porta Crachá Retrátil Xikkye 3,2cm 20 unidades RO.155149",12,Roma Aviamentos,115471 115467 115473 115470 115469 115465 115468 115475 115472 115474 115466 115464
Xikkye,51284,Ponteira Xikkye Acrílica 17mm x 13mm 500 gramas/740 unidades para Artesanato e Acessórios RO.154965,11,Roma Aviamentos,115522 115520 115527 115517 115518 115525 115521 115519 115526 115523 115524
Xikkye,51230,Chaveiro de Pelúcia Monstrinho Xikkyê 9cm 10 unidades RO.154983,8,Roma Aviamentos,115387 115389 115382 115388 115383 115385 115386 115384
Xikkye,51231,Chaveiro de Pelúcia Monstrinho Xikkyê 9cm 1 unidade ROFR.154983,8,Roma Aviamentos,115390 115394 115391 115393 115396 115397 115395 115392
Xikkye,51388,"Flor Rafia Xikkye 8,5cm 10 unidades RO.154976",5,Roma Aviamentos,117072 117071 117069 117068 117070
Xikkye,51323,Óculos para Amigurumi Bichinhos Xikkye 15mm x 28mm Sortido RO.155135,3,Roma Aviamentos,115754 115753 115752
Xikkye,51306,Pingente Religioso Cruz com Pérola e Strass Xikkye 20 Unidades RO.160011,3,Roma Aviamentos,115643 115642 115641
Xikkye,51324,Óculos para Amigurumi Estrela Xikkye 30mm x 15mm Sortido RO.155133,3,Roma Aviamentos,115757 115756 115755
Xikkye,51276,Ponteira Xikkye Creme Mesclado 23mm Acrílica para Cordões e Artesanato RO.154973,3,Roma Aviamentos,115477 115478 115476
Xikkye,51277,Ponteira Xikkye Creme Mesclado 10mm Acrílica para Artesanato e Acessórios RO.154972,3,Roma Aviamentos,115480 115479 115481
Xikkye,51322,"Olho para Amigurumi Emborrachado Xikkye 2,3cm x 4,3cm Sortido RO.155123",3,Roma Aviamentos,115749 115750 115751
Xikkye,51280,Ponteira Xikkye Creme Mesclado 10mm Acrílica para Artesanato e Acessórios RO.154969,2,Roma Aviamentos,115488 115489
Xikkye,51321,Mini Fones de Ouvido para Amigurumi Xikkye 7cm x 6cm Sortido RO.155130,2,Roma Aviamentos,115748 115746
Xikkye,avulso_115743,"Mini Bolsa para Amigurumi Xikkye 2cm x 1,5cm 20 Unidades Sortidas RO.155143",1,Roma Aviamentos,115743
Xikkye,avulso_115637,Pingente Xikkye Sortido Azul 50 Unidades em Liga Metálica para Artesanato e Bolsas RO.160003,1,Roma Aviamentos,115637
Xikkye,avulso_115647,Pingente Cruz Xikkye Esmaltado 10mm x 6mm 20 Unidades Sortido RO.155141,1,Roma Aviamentos,115647
Xikkye,51289,Ponteira Xikkye Acrílica 18mm x 17mm 500 gramas/380 unidades para Artesanato e Acessórios RO.154959,1,Roma Aviamentos,115575
Xikkye,avulso_115745,"Mini Garrafa para Amigurumi Xikkye 3,1cm x 2,5cm 20 Unidades Sortidas RO.155142",1,Roma Aviamentos,115745
Xikkye,51290,Ponteira Xikkye Acrílica 33mm x 11mm 500 gramas/145 unidades para Artesanato e Acessórios RO.154958,1,Roma Aviamentos,115587
Xikkye,51285,Ponteira Xikkye Acrílica 16mm x 12mm 500 gramas/310 unidades para Artesanato e Acessórios RO.154964,1,Roma Aviamentos,115528
Xikkye,avulso_115640,Pingente Cruz Sortido Xikkye 20 Unidades para Artesanato e Bijuterias RO.155139,1,Roma Aviamentos,115640
Xikkye,avulso_115744,"Mini Copos para Amigurumi Xikkye 2,3cm x 0,9cm 10 Unidades Sortidas RO.155128",1,Roma Aviamentos,115744
Xikkye,51325,Óculos para Amigurumi Xikkye 30mm x 15mm Sortido RO.155132,1,Roma Aviamentos,115758
Xikkye,51283,Ponteira Xikkye Acrílica 17mm x 12mm 500 gramas/810 unidades para Artesanato e Acessórios RO.154966,1,Roma Aviamentos,115506
Xikkye,51288,Ponteira Xikkye Acrílica 20mm x 12mm 500 gramas/242 unidades para Artesanato e Acessórios RO.154961,1,Roma Aviamentos,115563
Xikkye,51281,Ponteira Xikkye Creme Mesclado 15mm x 20mm Acrílica para Artesanato e Acessórios RO.154968,1,Roma Aviamentos,115491
Xikkye,avulso_115644,"Pingente Entremeio Religioso Nossa Senhora com Strass Xikkye 2,4 cm 20 Unidades RO.160010",1,Roma Aviamentos,115644
Xikkye,51279,Ponteira Xikkye Creme Mesclado 12mm x 5mm para Artesanato e Bijuterias RO.154970,1,Roma Aviamentos,115485
Xikkye,51278,Ponteira Xikkye Creme Mesclado 12mm Acrílica para Artesanato e Bijuterias RO.154971,1,Roma Aviamentos,115482
Xikkye,avulso_115638,Pingente Olho Grego com Strass Xikkye 10 Unidades Sortidas para Artesanato RO.155140,1,Roma Aviamentos,115638
Xikkye,avulso_115639,Pingente Entremeio Religioso Nossa Senhora com Strass Xikkye 20 Unidades RO.160009,1,Roma Aviamentos,115639
Xikkye,51326,Óculos para Amigurumi Xikkye 38mm x 30mm Sortido RO.155124,1,Roma Aviamentos,115761
Xikkye,51286,Ponteira Xikkye Acrílica Quadrada 15mm 500 gramas/150 unidades Artesanato e Acessórios RO.154963,1,Roma Aviamentos,115540
Xikkye,avulso_115646,"Pingente Entremeio Religioso Nossa Senhora com Strass Xikkye 3,1cm x 3cm 20 Unidades RO.160013",1,Roma Aviamentos,115646
Xikkye,avulso_115635,Pingente Xikkye Sortido 15 Unidades Metal para Bolsas e Artesanato RO.155136,1,Roma Aviamentos,115635
Acrilex,51224,Tinta Para Tecido Glitter Acrilex 37ml Brilho Intenso,6,Roma Aviamentos,115332 115334 115330 115331 115333 115329
Zanotti,41670,"Elástico Papiro 10 - Zanotti - 9,5mm x 50m",5,Roma Aviamentos,83577 83576 83567 83573 83574
Singer,avulso_23550,Caixa de Bobina Apolo - Singer - 17913,1,Roma Aviamentos,23550
Singer,avulso_23551,Bobina mágica - Singer doméstica - 17912,1,Roma Aviamentos,23551
Singer,avulso_23507,Correia motor transmissão singer 37977 - 17909,1,Roma Aviamentos,23507
São José,51228,Elástico São José Pigeon Preto 10 Metros,1,Roma Aviamentos,115358
Coats,51045,"Kit Amigurumi Coats Garfield, Odie e Nermal",1,Corrente,114787
