id	title
shopify_br_10087503855913_53196327158057	Pôster de Yoga No Coffee No Prana A3 | Arte Autoral para Sala e Estúdio Santosha
shopify_br_10087506280745_53196331745577	Pôster de Yoga Yoga Transforms A3 | Arte Autoral para Sala e Estúdio Santosha
shopify_br_10087506149673_53196331417897	Pôster de Yoga Surya Namaskar A3 | Arte Autoral para Sala e Estúdio Santosha
shopify_br_10087506379049_53196331974953	Pôster de Yoga You are the Sun A3 | Arte Autoral para Sala e Estúdio Santosha
shopify_br_10087506477353_53196332073257	Pôster de Yoga Yogini A3 | Arte Autoral para Sala e Estúdio Santosha
shopify_br_10041228853545_52839862960425	Baralho de Yoga Cartasanas de Yoga | Cartas de Asanas e Sequências Santosha
shopify_br_9408638615849_49015290167593	E-book de Yoga Manual de Sequências | Santosha
shopify_br_9407542165801_49011456508201	Almofada de Yoga Shavasana Pillow | Apoio para Shavasana e Meditação Santosha
shopify_br_9435946516777_49093510988073	Bolsa para Tapete de Yoga Yoga Bag Caramelo | Santosha
shopify_br_9693415899433_50296860999977	Tapete de Yoga Matosha MOCHA | 4mm Antiderrapante Estampa Autoral Santosha
shopify_br_9693420716329_50296925716777	Tapete de Yoga Dobrável MATravel Nature | 1mm Leve para Viagem Santosha
shopify_br_9532113453353_49457790681385	E-book de Yoga Combo E-books Santosha | Santosha
shopify_br_9528382193961_49442560213289	E-book de Yoga Teoria & Prática | Santosha
shopify_br_9517621969193_49400082858281	Tapete de Yoga Dobrável MATravel Coffee | 1mm Leve para Viagem Santosha
shopify_br_9517653852457_49400153506089	Tapete de Yoga Dobrável MATravel Waves | 1mm Leve para Viagem Santosha
shopify_br_9499719172393_49334056026409	Tapete de Yoga Matosha You are the Sun | 4mm Antiderrapante Estampa Autoral Santosha
shopify_br_9436033483049_49093779030313	E-book de Yoga As 5 Camadas do Corpo no Yoga Koshas | Santosha
shopify_br_9410361884969_49021402153257	E-book de Yoga Yoga na Ponta dos Dedos Mudras | Santosha
shopify_br_9410359951657_49021395697961	E-book de Yoga Introdução à Filosofia do Yoga | Santosha
shopify_br_9407550783785_49011501859113	Pôster de Yoga Ashtanga Yoga A2 | Arte Autoral para Sala e Estúdio Santosha
shopify_br_9407528337705_50524465103145	Bloco de Yoga|  Apoio para Posturas Santosha
shopify_br_9407519981865_49011344376105	Tapete de Yoga Matosha Guia Monstera | 4mm Antiderrapante Estampa Autoral Santosha
shopify_br_9407515492649_49011333202217	Tapete de Yoga Matosha Yoginis | 4mm Antiderrapante Estampa Autoral Santosha
shopify_br_9407514214697_49011330122025	Tapete de Yoga Matosha Guia Solar | 4mm Antiderrapante Estampa Autoral Santosha
shopify_br_9407498584361_49011207471401	Baralho de Yoga Cartasflow | Cartas de Asanas e Sequências Santosha
shopify_br_9407482134825_49011051594025	Baralho de Yoga Cartasprana | Cartas de Asanas e Sequências Santosha
shopify_br_9401129304361_48991456035113	Tapete de Yoga Matosha Guia Lunar | 4mm Antiderrapante Estampa Autoral Santosha
