#;Produto;ID;Tamanho atual;Enviar em;Link do produto
1;Personalização LE Medical;1059294839;800x800;1600x1600 ou maior;https://www.lemedical.com.br/produtos/personalizacao-le-medical/
2;KIT SUTURA - LE MEDICAL - PRETO;610457742;1000x1000;1600x1600 ou maior;https://www.lemedical.com.br/produtos/kit-sutura-le-medical-preto/
3;Conjunto Acadêmico – Littmann Classic III Chocolate 5809 + Esfigmo Pamed Bordo + Lanterna Clínica Bordo + Case Marrom;568418621;1000x1000;1600x1600 ou maior;https://www.lemedical.com.br/produtos/conjunto-academico-littmann-classic-iii-chocolate-esfigmo-pamed-bordo-lanterna-clinica-bordo-case-marrom/
4;Esfigmomanômetro Preto Pamed;340842037;1000x1000;1600x1600 ou maior;https://www.lemedical.com.br/produtos/esfigmomanometro-preto-pamed/
5;Case Preta para Equipamentos Médicos LE Medical;186447383;1000x1000;1600x1600 ou maior;https://www.lemedical.com.br/produtos/case-preta-para-equipamentos-medicos-le-medical/
6;Lanterna LED LT200 Preta Bioland;584337112;1000x1000;1600x1600 ou maior;https://www.lemedical.com.br/produtos/lanterna-led-lt200-preta-bioland/
7;Conjunto Acadêmico – Littmann Classic III Black Edition 5803 + Esfigmo Pamed Preto + Lanterna Clínica Preta + Case Preta;568420782;1000x1000;1600x1600 ou maior;https://www.lemedical.com.br/produtos/conjunto-academico-littmann-classic-iii-black-edition-esfigmo-pamed-preto-lanterna-clinica-preta-case-preta/
8;Lanterna LED LT200 Prata Bioland;584347761;1000x1000;1600x1600 ou maior;https://www.lemedical.com.br/produtos/lanterna-led-lt200-prata-bioland/
9;Conjunto Acadêmico – Littmann Classic III™ Chocolate 5809+ Esfigmo + Case + Lanterna + Oxímetro + Termômetro;1345339046;1000x1000;1600x1600 ou maior;https://www.lemedical.com.br/produtos/kit-estetoscopio-littmann-5809-chocolate-esfigmo-case-lanterna-oximetro-termometro/
10;Oxímetro de Pulso BIC YK-80B - PRETO;186400458;1000x1000;1600x1600 ou maior;https://www.lemedical.com.br/produtos/oximetro-de-pulso-bic-preto-yk-80b/
11;Oxímetro de Pulso Portátil Adulto BIC - YK-80A – CINZA;186392679;1000x1000;1600x1600 ou maior;https://www.lemedical.com.br/produtos/oximetro-de-pulso-portatil-adulto-tipo-dedo-cinza-yk-80a-bic/
12;Lanterna LED LT200 Rosa Bioland;584343021;1000x1000;1600x1600 ou maior;https://www.lemedical.com.br/produtos/lanterna-led-lt200-rosa-bioland/
13;Conjunto Acadêmico – Littmann Classic III Preto 5620 + Esfigmo Pamed Preto + Lanterna Clínica Preta + Case Preta;833272198;1000x1000;1600x1600 ou maior;https://www.lemedical.com.br/produtos/conjunto-academico-littmann-classic-iii-preto-esfigmo-pamed-preto-lanterna-clinica-preta-case-preta/
14;Fita Métrica MD 1.5 metros Trena;584121626;1000x1000;1600x1600 ou maior;https://www.lemedical.com.br/produtos/fita-metrica-md-1-5-metros-trena/
15;Case Rosa para Equipamentos Médicos LE Medical;186442020;1000x1000;1600x1600 ou maior;https://www.lemedical.com.br/produtos/case-rosa-para-equipamentos-medicos-le-medical/
16;Case Marrom para Equipamentos Médicos LE Medical;490649052;1000x1000;1600x1600 ou maior;https://www.lemedical.com.br/produtos/case-marrom-para-equipamentos-medicos-le-medical/
17;Esfigmomanômetro Bordo Pamed;490637100;1000x1000;1600x1600 ou maior;https://www.lemedical.com.br/produtos/esfigmomanometro-bordo-pamed/
18;Conjunto Acadêmico – Littmann Classic III Black Rainbow 5870 + Esfigmo Pamed Preto + Lanterna Clínica Preta + Case Preta;568422051;1000x1000;1600x1600 ou maior;https://www.lemedical.com.br/produtos/conjunto-academico-littmann-classic-iii-black-rainbow-esfigmo-pamed-preto-lanterna-clinica-preta-case-preta/
19;Case Vinho para Equipamentos Médicos LE Medical;790512256;1000x1000;1600x1600 ou maior;https://www.lemedical.com.br/produtos/case-vinho-para-equipamentos-medicos-le-medical/
20;Kit de Reparo 3M Littmann® para Classic III™ e Cardiology IV™ – 40017 Cinza;341214129;1000x1000;1600x1600 ou maior;https://www.lemedical.com.br/produtos/kit-reparo-40017-littmann-classic-iii-e-cardiology-iv-cinza-40017/
21;Garrote Elástico P.A. MED - Preto;336675424;1000x1000;1600x1600 ou maior;https://www.lemedical.com.br/produtos/garrote-elastico-pamed-preto/
22;Oxímetro de Pulso para dedo Mediclini Light- PRETO;1267865235;1000x1000;1600x1600 ou maior;https://www.lemedical.com.br/produtos/oximetro-de-pulso-para-dedo-mediclini-light-preto/
23;Oxímetro OLED G-Tech GRAPH;1005326153;1000x1000;1600x1600 ou maior;https://www.lemedical.com.br/produtos/oximetro-oled-g-tech-graph/
24;Conjunto Acadêmico – Littmann Classic III Vinho 5627 + Esfigmo Pamed Vinho + Lanterna Clínica Bordo + Case Vinho;833272921;1000x1000;1600x1600 ou maior;https://www.lemedical.com.br/produtos/conjunto-academico-littmann-classic-iii-vinho-5627-esfigmo-pamed-vinho-lanterna-clinica-bordo-case-vinho/
25;Oxímetro de Pulso para dedo Mediclini - Prata;638288988;1000x1000;1600x1600 ou maior;https://www.lemedical.com.br/produtos/oximetro-de-pulso-para-dedo-mediclini-prata/
26;Conjunto Acadêmico – Littmann Classic III Framboesa Rainbow 5806 + Esfigmo Pamed Rosa + Lanterna Clínica Rosa + Case Rosa;568416193;1000x1000;1600x1600 ou maior;https://www.lemedical.com.br/produtos/conjunto-academico-littmann-classic-iii-framboesa-rainbow-esfigmo-pamed-rosa-lanterna-clinica-rosa-case-rosa/
27;Case Branca para Equipamentos Médicos LE Medical;490648397;1000x1000;1600x1600 ou maior;https://www.lemedical.com.br/produtos/case-branca-para-equipamentos-medicos-le-medical/
28;Estetoscópio 3M™ Littmann® Cardiology IV™ 6240 Preto Rainbow;647540764;1000x1000;1600x1600 ou maior;https://www.lemedical.com.br/produtos/estetoscopio-3m-littmann-cardiology-iv-preto-rainbow-6240/
29;Kit: Estetoscópio Littmann Classic III™ 5809 - Chocolate + Esfigmomanômetro P.A. Med - Preto;421382428;1000x1000;1600x1600 ou maior;https://www.lemedical.com.br/produtos/kit-estetoscopio-littmann-classic-iii-chocolate-5809-esfigmomanometro-pamed-preto/
30;Conjunto Acadêmico – Littmann Classic III™ 5803 Black Edition + Esfigmo + Case + Lanterna + Oxímetro + Termômetro;1344745919;1000x1000;1600x1600 ou maior;https://www.lemedical.com.br/produtos/kit-estetoscopio-littmann-5803-black-edition-esfigmo-case-lanterna-oximetro-termometro/
31;Estetoscópio BIC Eternity - Black Rainbow - Haste Preta;337076504;1000x1000;1600x1600 ou maior;https://www.lemedical.com.br/produtos/estetoscopio-bic-eternity-black-rainbow-haste-preta/
