janela,data,numero_fatura,valor_total,campanha,imposto,situacao,arquivo
01-05 a 08-06,2026-05-19,(sem nº — aporte de saldo),"2700,00",,,aporte de saldo,Glauber_Meta_2026-05-19_APORTE-SEM-NF.pdf
01-05 a 08-06,2026-05-21,FBADS-757-106009177,"566,96","498,08","68,88",paga,Glauber_Meta_2026-05-21_NF106009177.pdf
01-05 a 08-06,2026-05-22,FBADS-757-106014899,"366,18","321,69","44,49",paga,Glauber_Meta_2026-05-22_NF106014899.pdf
01-05 a 08-06,2026-05-23,FBADS-757-106020065,"428,73","376,64","52,09",paga,Glauber_Meta_2026-05-23_NF106020065.pdf
01-05 a 08-06,2026-05-24,FBADS-757-106024686,"630,01","553,47","76,54",paga,Glauber_Meta_2026-05-24_NF106024686.pdf
01-05 a 08-06,2026-05-25,FBADS-757-106029255,"708,12","622,09","86,03",paga,Glauber_Meta_2026-05-25_NF106029255.pdf
01-05 a 08-06,2026-05-25,FBADS-757-106031047,"179,34","157,55","21,79",paga,Glauber_Meta_2026-05-25_NF106031047.pdf
01-05 a 08-06,2026-05-25,FBADS-757-106031048,"98,02","86,11","11,91",paga,Glauber_Meta_2026-05-25_NF106031048.pdf
01-05 a 08-06,2026-05-27,FBADS-757-106038902,"1435,36","1260,97","174,39",paga,Glauber_Meta_2026-05-27_NF106038902.pdf
01-05 a 08-06,2026-05-27,FBADS-757-106041900,"972,65","854,48","118,17",paga,Glauber_Meta_2026-05-27_NF106041900.pdf
01-05 a 08-06,2026-05-29,FBADS-757-106048808,"1411,60","1240,09","171,51",paga,Glauber_Meta_2026-05-29_NF106048808.pdf
01-05 a 08-06,2026-05-29,FBADS-757-106052392,"764,49","671,61","92,88",paga,Glauber_Meta_2026-05-29_NF106052392.pdf
01-05 a 08-06,2026-05-31,FBADS-757-106061178,"376,15","330,45","45,70",paga,Glauber_Meta_2026-05-31_NF106061178.pdf
09-06 a 07-07,2026-06-11,FBADS-757-106112336,"813,02","714,24","98,78",paga,Glauber_Meta_2026-06-11_NF106112336.pdf
09-06 a 07-07,2026-06-11,FBADS-757-106112341,"569,16","500,01","69,15",paga,Glauber_Meta_2026-06-11_NF106112341.pdf
09-06 a 07-07,2026-06-11,FBADS-757-106114146,"3,71","3,26","0,45",paga,Glauber_Meta_2026-06-11_NF106114146.pdf
09-06 a 07-07,2026-06-11,FBADS-757-106114151,"259,04","227,57","31,47",paga,Glauber_Meta_2026-06-11_NF106114151.pdf
09-06 a 07-07,2026-06-12,FBADS-757-106116741,"1,24","1,09","0,15",paga,Glauber_Meta_2026-06-12_NF106116741.pdf
09-06 a 07-07,2026-06-12,FBADS-757-106116750,"323,90","284,55","39,35",paga,Glauber_Meta_2026-06-12_NF106116750.pdf
09-06 a 07-07,2026-06-13,FBADS-757-106121304,"31,30","27,50","3,80",paga,Glauber_Meta_2026-06-13_NF106121304.pdf
09-06 a 07-07,2026-06-13,FBADS-757-106122574,"4,09","3,59","0,50",paga,Glauber_Meta_2026-06-13_NF106122574.pdf
09-06 a 07-07,2026-06-13,FBADS-757-106122591,"318,72","280,00","38,72",paga,Glauber_Meta_2026-06-13_NF106122591.pdf
09-06 a 07-07,2026-06-13,FBADS-757-106123069,"187,00","164,28","22,72",paga,Glauber_Meta_2026-06-13_NF106123069.pdf
09-06 a 07-07,2026-06-13,FBADS-757-106124444,"208,84","183,47","25,37",paga,Glauber_Meta_2026-06-13_NF106124444.pdf
09-06 a 07-07,2026-06-14,FBADS-757-106127853,"4,99","4,38","0,61",paga,Glauber_Meta_2026-06-14_NF106127853.pdf
09-06 a 07-07,2026-06-14,FBADS-757-106127857,"576,42","506,39","70,03",paga,Glauber_Meta_2026-06-14_NF106127857.pdf
09-06 a 07-07,2026-06-15,FBADS-757-106131962,"596,24","523,80","72,44",paga,Glauber_Meta_2026-06-15_NF106131962.pdf
09-06 a 07-07,2026-06-17,FBADS-757-106141837,"2531,02","2223,51","307,51",paga,Glauber_Meta_2026-06-17_NF106141837.pdf
09-06 a 07-07,2026-06-17,FBADS-757-106141842,"863,00","758,15","104,85",paga,Glauber_Meta_2026-06-17_NF106141842.pdf
09-06 a 07-07,2026-06-18,FBADS-757-106147803,"1,00","0,88","0,12",paga,Glauber_Meta_2026-06-18_NF106147803.pdf
09-06 a 07-07,2026-06-18,FBADS-757-106147815,"1999,98","1756,99","242,99",paga,Glauber_Meta_2026-06-18_NF106147815.pdf
09-06 a 07-07,2026-06-19,FBADS-757-106151892,"1,79","1,57","0,22",paga,Glauber_Meta_2026-06-19_NF106151892.pdf
09-06 a 07-07,2026-06-19,FBADS-757-106151897,"319,59","280,76","38,83",paga,Glauber_Meta_2026-06-19_NF106151897.pdf
09-06 a 07-07,2026-06-20,FBADS-757-106155387,"1,51","1,33","0,18",paga,Glauber_Meta_2026-06-20_NF106155387.pdf
09-06 a 07-07,2026-06-20,FBADS-757-106155396,"1694,16","1488,32","205,84",paga,Glauber_Meta_2026-06-20_NF106155396.pdf
09-06 a 07-07,2026-06-21,FBADS-757-106160720,"7,59","6,67","0,92",paga,Glauber_Meta_2026-06-21_NF106160720.pdf
09-06 a 07-07,2026-06-21,FBADS-757-106160758,"2157,34","1895,23","262,11",paga,Glauber_Meta_2026-06-21_NF106160758.pdf
09-06 a 07-07,2026-06-22,FBADS-757-106165826,"6,08","5,34","0,74",paga,Glauber_Meta_2026-06-22_NF106165826.pdf
09-06 a 07-07,2026-06-22,FBADS-757-106165833,"1700,65","1494,03","206,62",paga,Glauber_Meta_2026-06-22_NF106165833.pdf
09-06 a 07-07,2026-06-24,FBADS-757-106173790,"3414,91","3000,01","414,90",paga,Glauber_Meta_2026-06-24_NF106173790.pdf
09-06 a 07-07,2026-06-25,FBADS-757-106178230,"6,17","5,42","0,75",paga,Glauber_Meta_2026-06-25_NF106178230.pdf
09-06 a 07-07,2026-06-25,FBADS-757-106178235,"1124,33","987,73","136,60",paga,Glauber_Meta_2026-06-25_NF106178235.pdf
09-06 a 07-07,2026-06-25,FBADS-757-106179713,"4,51","3,96","0,55",paga,Glauber_Meta_2026-06-25_NF106179713.pdf
09-06 a 07-07,2026-06-25,FBADS-757-106179719,"913,53","802,54","110,99",paga,Glauber_Meta_2026-06-25_NF106179719.pdf
09-06 a 07-07,2026-06-26,FBADS-757-106183602,"10,53","9,25","1,28",paga,Glauber_Meta_2026-06-26_NF106183602.pdf
09-06 a 07-07,2026-06-26,FBADS-757-106183607,"2420,50","2126,42","294,08",paga,Glauber_Meta_2026-06-26_NF106183607.pdf
09-06 a 07-07,2026-06-26,FBADS-757-106185666,"1,60","1,41","0,19",paga,Glauber_Meta_2026-06-26_NF106185666.pdf
09-06 a 07-07,2026-06-26,FBADS-757-106185687,"945,02","830,20","114,82",paga,Glauber_Meta_2026-06-26_NF106185687.pdf
09-06 a 07-07,2026-06-28,FBADS-757-106194864,"436,59","383,55","53,04",paga,Glauber_Meta_2026-06-28_NF106194864.pdf
08-07 a 17-07,2026-07-09,FBADS-757-106247376,"807,63","709,51","98,12",paga,Glauber_Meta_2026-07-09_NF106247376.pdf
08-07 a 17-07,2026-07-09,FBADS-757-106247381,"227,66","200,00","27,66",paga,Glauber_Meta_2026-07-09_NF106247381.pdf
08-07 a 17-07,2026-07-11,FBADS-757-106256483,"4,88","4,29","0,59",paga,Glauber_Meta_2026-07-11_NF106256483.pdf
08-07 a 17-07,2026-07-11,FBADS-757-106256489,"1016,23","892,76","123,47",paga,Glauber_Meta_2026-07-11_NF106256489.pdf
08-07 a 17-07,2026-07-12,FBADS-757-106260977,"1,03","0,90","0,13",paga,Glauber_Meta_2026-07-12_NF106260977.pdf
08-07 a 17-07,2026-07-12,FBADS-757-106260980,"664,75","583,98","80,77",paga,Glauber_Meta_2026-07-12_NF106260980.pdf
08-07 a 17-07,2026-07-13,FBADS-757-106264859,"254,69","223,75","30,94",paga,Glauber_Meta_2026-07-13_NF106264859.pdf
08-07 a 17-07,2026-07-15,FBADS-757-106275382,"392,10","344,46","47,64",paga,Glauber_Meta_2026-07-15_NF106275382.pdf
08-07 a 17-07,2026-07-15,FBADS-757-106275385,"457,53","401,94","55,59",paga,Glauber_Meta_2026-07-15_NF106275385.pdf
08-07 a 17-07,2026-07-15,FBADS-757-106277936,"423,18","371,76","51,42",paga,Glauber_Meta_2026-07-15_NF106277936.pdf
08-07 a 17-07,2026-07-15,FBADS-757-106277939,"11,74","10,31","1,43",paga,Glauber_Meta_2026-07-15_NF106277939.pdf
08-07 a 17-07,2026-07-16,FBADS-757-106280867,"7,61","6,69","0,92",paga,Glauber_Meta_2026-07-16_NF106280867.pdf
08-07 a 17-07,2026-07-16,FBADS-757-106280879,"620,11","544,77","75,34",paga,Glauber_Meta_2026-07-16_NF106280879.pdf
08-07 a 17-07,2026-07-17,(sem nº — aporte de saldo),"176,29",,,recusada,Glauber_Meta_2026-07-17_APORTE-SEM-NF_RECUSADA.pdf
08-07 a 17-07,2026-07-17,(sem nº — aporte de saldo),"1000,00",,,aporte de saldo,Glauber_Meta_2026-07-17_APORTE-SEM-NF.pdf
08-07 a 17-07,2026-07-17,FBADS-757-106286072,"176,29","154,87","21,42",paga,Glauber_Meta_2026-07-17_NF106286072.pdf
08-07 a 17-07,2026-07-17,FBADS-757-106286192,"46,46","40,82","5,64",paga,Glauber_Meta_2026-07-17_NF106286192.pdf
08-07 a 17-07,2026-07-17,FBADS-757-106286229,"53,24","46,77","6,47",paga,Glauber_Meta_2026-07-17_NF106286229.pdf
08-07 a 17-07,2026-07-17,FBADS-757-106286237,"8,18","7,19","0,99",paga,Glauber_Meta_2026-07-17_NF106286237.pdf
18-07 a 31-07,2026-07-18,FBADS-757-106289564,"165,45","145,35","20,10",paga,Glauber_Meta_2026-07-18_NF106289564.pdf
18-07 a 31-07,2026-07-19,FBADS-757-106296982,"0,02","0,02","0,00",paga,Glauber_Meta_2026-07-19_NF106296982.pdf
18-07 a 31-07,2026-07-24,FBADS-757-106322659,"834,52","733,13","101,39",paga,Glauber_Meta_2026-07-24_NF106322659.pdf
18-07 a 31-07,2026-07-24,FBADS-757-106322660,"123,77","108,73","15,04",paga,Glauber_Meta_2026-07-24_NF106322660.pdf
18-07 a 31-07,2026-07-24,FBADS-757-106322665,"1554,33","1365,48","188,85",paga,Glauber_Meta_2026-07-24_NF106322665.pdf
18-07 a 31-07,2026-07-26,FBADS-757-106331949,"196,42","172,56","23,86",paga,Glauber_Meta_2026-07-26_NF106331949.pdf
18-07 a 31-07,2026-07-28,FBADS-757-106341618,"1515,22","1331,13","184,09",paga,Glauber_Meta_2026-07-28_NF106341618.pdf
18-07 a 31-07,2026-07-28,FBADS-757-106341631,"227,65","199,99","27,66",paga,Glauber_Meta_2026-07-28_NF106341631.pdf
18-07 a 31-07,2026-07-29,FBADS-757-106345529,"6,23","5,47","0,76",paga,Glauber_Meta_2026-07-29_NF106345529.pdf
18-07 a 31-07,2026-07-29,FBADS-757-106345531,"1336,56","1174,17","162,39",paga,Glauber_Meta_2026-07-29_NF106345531.pdf
18-07 a 31-07,2026-07-30,FBADS-757-106350406,"4,87","4,28","0,59",paga,Glauber_Meta_2026-07-30_NF106350406.pdf
18-07 a 31-07,2026-07-30,FBADS-757-106350408,"1763,88","1549,57","214,31",paga,Glauber_Meta_2026-07-30_NF106350408.pdf
18-07 a 31-07,2026-07-31,FBADS-757-106358224,"4,85","4,26","0,59",paga,Glauber_Meta_2026-07-31_NF106358224.pdf
18-07 a 31-07,2026-07-31,FBADS-757-106358242,"1122,46","986,08","136,38",paga,Glauber_Meta_2026-07-31_NF106358242.pdf
01-08 a 14-08,2026-08-02,FBADS-757-106365342,"1,06","0,93","0,13",paga,Glauber_Meta_2026-08-02_NF106365342.pdf
01-08 a 14-08,2026-08-02,FBADS-757-106365346,"921,28","809,35","111,93",paga,Glauber_Meta_2026-08-02_NF106365346.pdf
01-08 a 14-08,2026-08-03,FBADS-757-106369792,"4,98","4,37","0,61",paga,Glauber_Meta_2026-08-03_NF106369792.pdf
01-08 a 14-08,2026-08-03,FBADS-757-106369797,"924,36","812,05","112,31",paga,Glauber_Meta_2026-08-03_NF106369797.pdf
01-08 a 14-08,2026-08-04,FBADS-757-106375104,"6,42","5,64","0,78",paga,Glauber_Meta_2026-08-04_NF106375104.pdf
01-08 a 14-08,2026-08-04,FBADS-757-106375109,"918,51","806,91","111,60",paga,Glauber_Meta_2026-08-04_NF106375109.pdf
01-08 a 14-08,2026-08-05,FBADS-757-106379872,"0,70","0,61","0,09",paga,Glauber_Meta_2026-08-05_NF106379872.pdf
01-08 a 14-08,2026-08-05,FBADS-757-106379876,"920,46","808,63","111,83",paga,Glauber_Meta_2026-08-05_NF106379876.pdf
01-08 a 14-08,2026-08-06,(sem nº — aporte de saldo),"841,37",,,recusada,Glauber_Meta_2026-08-06_APORTE-SEM-NF_RECUSADA.pdf
01-08 a 14-08,2026-08-06,(sem nº — aporte de saldo),"914,51",,,recusada,Glauber_Meta_2026-08-06_APORTE-SEM-NF_RECUSADA_2.pdf
01-08 a 14-08,2026-08-06,FBADS-757-106385333,"3,95","3,47","0,48",paga,Glauber_Meta_2026-08-06_NF106385333.pdf
01-08 a 14-08,2026-08-06,FBADS-757-106385335,"923,21","811,04","112,17",paga,Glauber_Meta_2026-08-06_NF106385335.pdf
01-08 a 14-08,2026-08-06,FBADS-757-106388313,"11,73","10,30","1,43",paga,Glauber_Meta_2026-08-06_NF106388313.pdf
01-08 a 14-08,2026-08-08,FBADS-757-106395945,"1925,41","1691,48","233,93",paga,Glauber_Meta_2026-08-08_NF106395945.pdf
01-08 a 14-08,2026-08-08,FBADS-757-106396588,"430,11","377,85","52,26",paga,Glauber_Meta_2026-08-08_NF106396588.pdf
01-08 a 14-08,2026-08-08,FBADS-757-106396591,"11,69","10,27","1,42",paga,Glauber_Meta_2026-08-08_NF106396591.pdf
01-08 a 14-08,2026-08-08,FBADS-757-106396946,"19,38","17,03","2,35",paga,Glauber_Meta_2026-08-08_NF106396946.pdf
01-08 a 14-08,2026-08-10,FBADS-757-106405648,"1296,44","1138,93","157,51",paga,Glauber_Meta_2026-08-10_NF106405648.pdf
01-08 a 14-08,2026-08-10,FBADS-757-106405653,"1253,90","1101,55","152,35",paga,Glauber_Meta_2026-08-10_NF106405653.pdf
01-08 a 14-08,2026-08-10,FBADS-757-106406071,"69,95","61,45","8,50",paga,Glauber_Meta_2026-08-10_NF106406071.pdf
01-08 a 14-08,2026-08-12,FBADS-757-106415601,"3407,17","2993,21","413,96",paga,Glauber_Meta_2026-08-12_NF106415601.pdf
01-08 a 14-08,2026-08-12,FBADS-757-106415609,"11,69","10,27","1,42",paga,Glauber_Meta_2026-08-12_NF106415609.pdf
01-08 a 14-08,2026-08-12,FBADS-757-106415952,"98,38","86,43","11,95",paga,Glauber_Meta_2026-08-12_NF106415952.pdf
01-08 a 14-08,2026-08-12,FBADS-757-106416064,"54,71","48,06","6,65",paga,Glauber_Meta_2026-08-12_NF106416064.pdf
01-08 a 14-08,2026-08-12,FBADS-757-106416192,"9,26","8,13","1,13",paga,Glauber_Meta_2026-08-12_NF106416192.pdf
01-08 a 14-08,2026-08-12,FBADS-757-106416194,"152,69","134,14","18,55",paga,Glauber_Meta_2026-08-12_NF106416194.pdf
01-08 a 14-08,2026-08-13,FBADS-757-106420216,"69,95","61,45","8,50",paga,Glauber_Meta_2026-08-13_NF106420216.pdf
01-08 a 14-08,2026-08-13,FBADS-757-106420226,"1166,31","1024,61","141,70",paga,Glauber_Meta_2026-08-13_NF106420226.pdf
01-08 a 14-08,2026-08-14,FBADS-757-106427018,"2,48","2,18","0,30",paga,Glauber_Meta_2026-08-14_NF106427018.pdf
01-08 a 14-08,2026-08-14,FBADS-757-106427020,"1670,24","1467,31","202,93",paga,Glauber_Meta_2026-08-14_NF106427020.pdf
15-08 a 28-08,2026-08-15,(sem nº — aporte de saldo),"8,17",,,recusada,Glauber_Meta_2026-08-15_APORTE-SEM-NF_RECUSADA.pdf
15-08 a 28-08,2026-08-15,(sem nº — aporte de saldo),"27,29",,,recusada,Glauber_Meta_2026-08-15_APORTE-SEM-NF_RECUSADA_2.pdf
15-08 a 28-08,2026-08-15,FBADS-757-106431695,"1115,27","979,77","135,50",paga,Glauber_Meta_2026-08-15_NF106431695.pdf
15-08 a 28-08,2026-08-19,FBADS-757-106453016,"40,81","35,85","4,96",paga,Glauber_Meta_2026-08-19_NF106453016.pdf
15-08 a 28-08,2026-08-19,FBADS-757-106453530,"9,85","8,65","1,20",paga,Glauber_Meta_2026-08-19_NF106453530.pdf
15-08 a 28-08,2026-08-19,FBADS-757-106453535,"364,24","319,99","44,25",paga,Glauber_Meta_2026-08-19_NF106453535.pdf
15-08 a 28-08,2026-08-19,FBADS-757-106454046,"17,89","15,72","2,17",paga,Glauber_Meta_2026-08-19_NF106454046.pdf
15-08 a 28-08,2026-08-19,FBADS-757-106454052,"381,31","334,98","46,33",paga,Glauber_Meta_2026-08-19_NF106454052.pdf
15-08 a 28-08,2026-08-19,FBADS-757-106454854,"7,90","6,94","0,96",paga,Glauber_Meta_2026-08-19_NF106454854.pdf
15-08 a 28-08,2026-08-19,FBADS-757-106454860,"379,29","333,21","46,08",paga,Glauber_Meta_2026-08-19_NF106454860.pdf
15-08 a 28-08,2026-08-20,FBADS-757-106458422,"7,05","6,19","0,86",paga,Glauber_Meta_2026-08-20_NF106458422.pdf
15-08 a 28-08,2026-08-20,FBADS-757-106458424,"1383,65","1215,54","168,11",paga,Glauber_Meta_2026-08-20_NF106458424.pdf
15-08 a 28-08,2026-08-21,(sem nº — aporte de saldo),"18,99",,,recusada,Glauber_Meta_2026-08-21_APORTE-SEM-NF_RECUSADA.pdf
15-08 a 28-08,2026-08-21,(sem nº — aporte de saldo),"20,77",,,recusada,Glauber_Meta_2026-08-21_APORTE-SEM-NF_RECUSADA_2.pdf
15-08 a 28-08,2026-08-21,FBADS-757-106462328,"2,09","1,84","0,25",paga,Glauber_Meta_2026-08-21_NF106462328.pdf
15-08 a 28-08,2026-08-21,FBADS-757-106462330,"173,44","152,37","21,07",paga,Glauber_Meta_2026-08-21_NF106462330.pdf
15-08 a 28-08,2026-08-21,FBADS-757-106462876,"11,89","10,45","1,44",paga,Glauber_Meta_2026-08-21_NF106462876.pdf
15-08 a 28-08,2026-08-21,FBADS-757-106464533,"199,72","175,45","24,27",paga,Glauber_Meta_2026-08-21_NF106464533.pdf
15-08 a 28-08,2026-08-22,FBADS-757-106467984,"631,32","554,62","76,70",paga,Glauber_Meta_2026-08-22_NF106467984.pdf
15-08 a 28-08,2026-08-23,FBADS-757-106472312,"645,38","566,97","78,41",paga,Glauber_Meta_2026-08-23_NF106472312.pdf
15-08 a 28-08,2026-08-23,FBADS-757-106472318,"11,85","10,41","1,44",paga,Glauber_Meta_2026-08-23_NF106472318.pdf
15-08 a 28-08,2026-08-23,FBADS-757-106472771,"100,23","88,05","12,18",paga,Glauber_Meta_2026-08-23_NF106472771.pdf
15-08 a 28-08,2026-08-25,FBADS-757-106482711,"1140,15","1001,63","138,52",paga,Glauber_Meta_2026-08-25_NF106482711.pdf
15-08 a 28-08,2026-08-25,FBADS-757-106482716,"276,79","243,16","33,63",paga,Glauber_Meta_2026-08-25_NF106482716.pdf
15-08 a 28-08,2026-08-27,(sem nº — aporte de saldo),"1506,35",,,recusada,Glauber_Meta_2026-08-27_APORTE-SEM-NF_RECUSADA.pdf
15-08 a 28-08,2026-08-27,(sem nº — aporte de saldo),"1525,41",,,recusada,Glauber_Meta_2026-08-27_APORTE-SEM-NF_RECUSADA_2.pdf
15-08 a 28-08,2026-08-27,(sem nº — aporte de saldo),"1156,85",,,recusada,Glauber_Meta_2026-08-27_APORTE-SEM-NF_RECUSADA_3.pdf
15-08 a 28-08,2026-08-27,(sem nº — aporte de saldo),"146,99",,,recusada,Glauber_Meta_2026-08-27_APORTE-SEM-NF_RECUSADA_4.pdf
15-08 a 28-08,2026-08-27,(sem nº — aporte de saldo),"1168,98",,,recusada,Glauber_Meta_2026-08-27_APORTE-SEM-NF_RECUSADA_5.pdf
15-08 a 28-08,2026-08-27,(sem nº — aporte de saldo),"1115,63",,,recusada,Glauber_Meta_2026-08-27_APORTE-SEM-NF_RECUSADA_6.pdf
15-08 a 28-08,2026-08-27,FBADS-757-106492341,"304,40","267,42","36,98",paga,Glauber_Meta_2026-08-27_NF106492341.pdf
15-08 a 28-08,2026-08-27,FBADS-757-106492345,"349,52","307,05","42,47",paga,Glauber_Meta_2026-08-27_NF106492345.pdf
15-08 a 28-08,2026-08-27,FBADS-757-106492456,"11,81","10,38","1,43",paga,Glauber_Meta_2026-08-27_NF106492456.pdf
15-08 a 28-08,2026-08-27,FBADS-757-106492457,"11,81","10,38","1,43",paga,Glauber_Meta_2026-08-27_NF106492457.pdf
15-08 a 28-08,2026-08-28,FBADS-757-106496561,"2,41","2,12","0,29",paga,Glauber_Meta_2026-08-28_NF106496561.pdf
15-08 a 28-08,2026-08-28,FBADS-757-106496568,"1706,20","1498,90","207,30",paga,Glauber_Meta_2026-08-28_NF106496568.pdf
15-08 a 28-08,2026-08-28,FBADS-757-106497706,"0,90","0,79","0,11",paga,Glauber_Meta_2026-08-28_NF106497706.pdf
15-08 a 28-08,2026-08-28,FBADS-757-106497709,"377,30","331,46","45,84",paga,Glauber_Meta_2026-08-28_NF106497709.pdf
29-08 a 19-09,2026-08-29,FBADS-757-106501256,"5,31","4,66","0,65",paga,Glauber_Meta_2026-08-29_NF106501256.pdf
29-08 a 19-09,2026-08-29,FBADS-757-106501276,"664,30","583,59","80,71",paga,Glauber_Meta_2026-08-29_NF106501276.pdf
29-08 a 19-09,2026-08-30,(sem nº — aporte de saldo),"0,05",,,recusada,Glauber_Meta_2026-08-30_APORTE-SEM-NF_RECUSADA.pdf
29-08 a 19-09,2026-08-30,FBADS-757-106505692,"0,55","0,48","0,07",paga,Glauber_Meta_2026-08-30_NF106505692.pdf
29-08 a 19-09,2026-08-30,FBADS-757-106505708,"1261,23","1107,99","153,24",paga,Glauber_Meta_2026-08-30_NF106505708.pdf
29-08 a 19-09,2026-08-30,FBADS-757-106507377,"4,16","3,65","0,51",paga,Glauber_Meta_2026-08-30_NF106507377.pdf
29-08 a 19-09,2026-08-30,FBADS-757-106507383,"669,37","588,04","81,33",paga,Glauber_Meta_2026-08-30_NF106507383.pdf
29-08 a 19-09,2026-08-30,FBADS-757-106507763,"99,75","87,63","12,12",paga,Glauber_Meta_2026-08-30_NF106507763.pdf
29-08 a 19-09,2026-09-01,FBADS-757-106518390,"1,34","1,18","0,16",paga,Glauber_Meta_2026-09-01_NF106518390.pdf
29-08 a 19-09,2026-09-01,FBADS-757-106518396,"623,30","547,57","75,73",paga,Glauber_Meta_2026-09-01_NF106518396.pdf
29-08 a 19-09,2026-09-01,FBADS-757-106519113,"46,77","41,09","5,68",paga,Glauber_Meta_2026-09-01_NF106519113.pdf
29-08 a 19-09,2026-09-02,FBADS-757-106523000,"205,71","180,72","24,99",paga,Glauber_Meta_2026-09-02_NF106523000.pdf
29-08 a 19-09,2026-09-03,FBADS-757-106528364,"0,71","0,62","0,09",paga,Glauber_Meta_2026-09-03_NF106528364.pdf
29-08 a 19-09,2026-09-03,FBADS-757-106528369,"319,78","280,93","38,85",paga,Glauber_Meta_2026-09-03_NF106528369.pdf
29-08 a 19-09,2026-09-04,FBADS-757-106532773,"2,35","2,06","0,29",paga,Glauber_Meta_2026-09-04_NF106532773.pdf
29-08 a 19-09,2026-09-04,FBADS-757-106532775,"205,68","180,69","24,99",paga,Glauber_Meta_2026-09-04_NF106532775.pdf
29-08 a 19-09,2026-09-04,FBADS-757-106533066,"22,09","19,41","2,68",paga,Glauber_Meta_2026-09-04_NF106533066.pdf
29-08 a 19-09,2026-09-05,(sem nº — aporte de saldo),"1,40",,,recusada,Glauber_Meta_2026-09-05_APORTE-SEM-NF_RECUSADA.pdf
29-08 a 19-09,2026-09-05,FBADS-757-106538543,"690,49","606,60","83,89",paga,Glauber_Meta_2026-09-05_NF106538543.pdf
29-08 a 19-09,2026-09-05,FBADS-757-106538553,"11,75","10,32","1,43",paga,Glauber_Meta_2026-09-05_NF106538553.pdf
29-08 a 19-09,2026-09-05,FBADS-757-106538735,"11,75","10,32","1,43",paga,Glauber_Meta_2026-09-05_NF106538735.pdf
29-08 a 19-09,2026-09-08,FBADS-757-106555086,"5,36","4,71","0,65",paga,Glauber_Meta_2026-09-08_NF106555086.pdf
29-08 a 19-09,2026-09-10,(sem nº — aporte de saldo),"1,37",,,recusada,Glauber_Meta_2026-09-10_APORTE-SEM-NF_RECUSADA.pdf
29-08 a 19-09,2026-09-10,(sem nº — aporte de saldo),"6,45",,,recusada,Glauber_Meta_2026-09-10_APORTE-SEM-NF_RECUSADA_2.pdf
29-08 a 19-09,2026-09-10,FBADS-757-106564458,"689,65","605,86","83,79",paga,Glauber_Meta_2026-09-10_NF106564458.pdf
29-08 a 19-09,2026-09-10,FBADS-757-106564462,"11,69","10,27","1,42",paga,Glauber_Meta_2026-09-10_NF106564462.pdf
29-08 a 19-09,2026-09-10,FBADS-757-106564527,"5,85","5,14","0,71",paga,Glauber_Meta_2026-09-10_NF106564527.pdf
29-08 a 19-09,2026-09-10,FBADS-757-106564529,"11,69","10,27","1,42",paga,Glauber_Meta_2026-09-10_NF106564529.pdf
29-08 a 19-09,2026-09-10,FBADS-757-106564618,"11,69","10,27","1,42",paga,Glauber_Meta_2026-09-10_NF106564618.pdf
29-08 a 19-09,2026-09-11,(sem nº — aporte de saldo),"7,38",,,recusada,Glauber_Meta_2026-09-11_APORTE-SEM-NF_RECUSADA.pdf
29-08 a 19-09,2026-09-11,(sem nº — aporte de saldo),"0,35",,,recusada,Glauber_Meta_2026-09-11_APORTE-SEM-NF_RECUSADA_2.pdf
29-08 a 19-09,2026-09-11,FBADS-757-106570656,"7,38","6,48","0,90",paga,Glauber_Meta_2026-09-11_NF106570656.pdf
29-08 a 19-09,2026-09-11,FBADS-757-106571642,"0,35","0,31","0,04",paga,Glauber_Meta_2026-09-11_NF106571642.pdf
29-08 a 19-09,2026-09-11,FBADS-757-106571650,"239,03","209,99","29,04",paga,Glauber_Meta_2026-09-11_NF106571650.pdf
29-08 a 19-09,2026-09-12,FBADS-757-106573454,"6,02","5,29","0,73",paga,Glauber_Meta_2026-09-12_NF106573454.pdf
29-08 a 19-09,2026-09-12,FBADS-757-106573467,"246,62","216,66","29,96",paga,Glauber_Meta_2026-09-12_NF106573467.pdf
29-08 a 19-09,2026-09-12,FBADS-757-106575242,"296,85","260,78","36,07",paga,Glauber_Meta_2026-09-12_NF106575242.pdf
29-08 a 19-09,2026-09-12,FBADS-757-106575311,"11,92","10,47","1,45",paga,Glauber_Meta_2026-09-12_NF106575311.pdf
29-08 a 19-09,2026-09-12,FBADS-757-106575574,"21,72","19,08","2,64",paga,Glauber_Meta_2026-09-12_NF106575574.pdf
29-08 a 19-09,2026-09-12,FBADS-757-106575577,"11,73","10,30","1,43",paga,Glauber_Meta_2026-09-12_NF106575577.pdf
29-08 a 19-09,2026-09-12,FBADS-757-106575891,"38,12","33,49","4,63",paga,Glauber_Meta_2026-09-12_NF106575891.pdf
29-08 a 19-09,2026-09-12,FBADS-757-106575895,"11,73","10,30","1,43",paga,Glauber_Meta_2026-09-12_NF106575895.pdf
29-08 a 19-09,2026-09-12,FBADS-757-106575997,"0,76","0,67","0,09",paga,Glauber_Meta_2026-09-12_NF106575997.pdf
29-08 a 19-09,2026-09-12,FBADS-757-106576005,"11,73","10,30","1,43",paga,Glauber_Meta_2026-09-12_NF106576005.pdf
29-08 a 19-09,2026-09-13,FBADS-757-106579469,"316,05","277,65","38,40",paga,Glauber_Meta_2026-09-13_NF106579469.pdf
29-08 a 19-09,2026-09-14,FBADS-757-106586293,"4,00","3,51","0,49",paga,Glauber_Meta_2026-09-14_NF106586293.pdf
29-08 a 19-09,2026-09-14,FBADS-757-106586298,"525,61","461,75","63,86",paga,Glauber_Meta_2026-09-14_NF106586298.pdf
29-08 a 19-09,2026-09-14,FBADS-757-106586920,"67,96","59,70","8,26",paga,Glauber_Meta_2026-09-14_NF106586920.pdf
29-08 a 19-09,2026-09-14,FBADS-757-106586923,"11,73","10,30","1,43",paga,Glauber_Meta_2026-09-14_NF106586923.pdf
29-08 a 19-09,2026-09-14,FBADS-757-106587744,"243,99","214,35","29,64",paga,Glauber_Meta_2026-09-14_NF106587744.pdf
29-08 a 19-09,2026-09-15,FBADS-757-106594135,"5,08","4,46","0,62",paga,Glauber_Meta_2026-09-15_NF106594135.pdf
29-08 a 19-09,2026-09-15,FBADS-757-106594140,"671,16","589,62","81,54",paga,Glauber_Meta_2026-09-15_NF106594140.pdf
29-08 a 19-09,2026-09-16,(sem nº — aporte de saldo),"1,35",,,recusada,Glauber_Meta_2026-09-16_APORTE-SEM-NF_RECUSADA.pdf
29-08 a 19-09,2026-09-16,FBADS-757-106597446,"162,05","142,36","19,69",paga,Glauber_Meta_2026-09-16_NF106597446.pdf
29-08 a 19-09,2026-09-17,(sem nº — aporte de saldo),"4,71",,,recusada,Glauber_Meta_2026-09-17_APORTE-SEM-NF_RECUSADA.pdf
29-08 a 19-09,2026-09-17,(sem nº — aporte de saldo),"1000,00",,,recusada,Glauber_Meta_2026-09-17_APORTE-SEM-NF_RECUSADA_2.pdf
29-08 a 19-09,2026-09-17,FBADS-757-106603281,"4,71","4,14","0,57",paga,Glauber_Meta_2026-09-17_NF106603281.pdf
29-08 a 19-09,2026-09-18,(sem nº — aporte de saldo),"163,15",,,aporte de saldo,Glauber_Meta_2026-09-18_APORTE-SEM-NF.pdf
29-08 a 19-09,2026-09-18,(sem nº — aporte de saldo),"1,48",,,aporte de saldo,Glauber_Meta_2026-09-18_APORTE-SEM-NF_2.pdf
29-08 a 19-09,2026-09-18,(sem nº — aporte de saldo),"162,70",,,aporte de saldo,Glauber_Meta_2026-09-18_APORTE-SEM-NF_3.pdf
29-08 a 19-09,2026-09-18,FBADS-757-106606898,"1,46","1,28","0,18",paga,Glauber_Meta_2026-09-18_NF106606898.pdf
29-08 a 19-09,2026-09-18,FBADS-757-106606928,"159,35","139,99","19,36",paga,Glauber_Meta_2026-09-18_NF106606928.pdf
